SPECIES_CD,SCIENTIFIC_NAME,COMMON_NAME,search_name
ABL HIAN,Ablennes hians,flat needlefish,flat needlefish  Ablennes hians
ABU SAXA,Abudefduf saxatilis,sergeant major,sergeant major  Abudefduf saxatilis
ABU TAUR,Abudefduf taurus,night sergeant,night sergeant  Abudefduf taurus
ACA ASPE,Acanthemblemaria aspera,roughhead blenny,roughhead blenny  Acanthemblemaria aspera
ACA BAHI,Acanthurus bahianus,ocean surgeon,ocean surgeon  Acanthurus bahianus
ACA CHAP,Acanthemblemaria chaplini,papillose blenny,papillose blenny  Acanthemblemaria chaplini
ACA CHIR,Acanthurus chirurgus,doctorfish,doctorfish  Acanthurus chirurgus
ACA COER,Acanthurus coeruleus,blue tang,blue tang  Acanthurus coeruleus
ACA MARI,Acanthemblemaria maria,secretary blenny,secretary blenny  Acanthemblemaria maria
ACA POLY,Acanthostracion polygonia,honeycomb cowfish,honeycomb cowfish  Acanthostracion polygonia
ACA QUAD,Acanthostracion quadricornis,scrawled cowfish,scrawled cowfish  Acanthostracion quadricornis
ACA SOLA,Acanthocybium solandri,wahoo,wahoo  Acanthocybium solandri
ACA SPE.,Acanthurus sp.,surgeonfish species,surgeonfish species  Acanthurus sp.
ACA SPIN,Acanthemblemaria spinosa,spinyhead blenny,spinyhead blenny  Acanthemblemaria spinosa
ACE DEND,Acentronura dendritica,pipehorse,pipehorse  Acentronura dendritica
ACN SPE.,Acanthemblemaria species,tube blenny Acanthemblemaria,tube blenny Acanthemblemaria  Acanthemblemaria species
AET NARI,Aetobatus narinari,spotted eagle ray,spotted eagle ray  Aetobatus narinari
AHL EGMO,Ahlia egmontis,key worm eel,key worm eel  Ahlia egmontis
ALB VULP,Albula vulpes,bonefish,bonefish  Albula vulpes
ALE CILI,Alectis ciliaris,African pompano,African pompano  Alectis ciliaris
ALP AFER,Alphestes afer,mutton hamlet,mutton hamlet  Alphestes afer
ALU MONO,Aluterus monoceros,unicorn filefish,unicorn filefish  Aluterus monoceros
ALU SCHO,Aluterus schoepfii,orange filefish,orange filefish  Aluterus schoepfii
ALU SCRI,Aluterus scriptus,scrawled filefish,scrawled filefish  Aluterus scriptus
ALU SPE.,Aluterus sp.,filefish species,filefish species  Aluterus sp.
AMB PINO,Amblycirrhitus pinos,redspotted hawkfish,redspotted hawkfish  Amblycirrhitus pinos
ANC LYOL,Anchoa lyolepis,dusky anchovy,dusky anchovy  Anchoa lyolepis
ANI SURI,Anisotremus surinamensis,black margate,black margate  Anisotremus surinamensis
ANI VIRG,Anisotremus virginicus,porkfish,porkfish  Anisotremus virginicus
ANT OCEL,Antennarius ocellatus,ocellated frogfish,ocellated frogfish  Antennarius ocellatus
APO AURO,Apogon aurolineatus,bridle cardinalfish,bridle cardinalfish  Apogon aurolineatus
APO BINO,Apogon binotatus,barred cardinalfish,barred cardinalfish  Apogon binotatus
APO LACH,Apogon lachneri,whitestar cardinalfish,whitestar cardinalfish  Apogon lachneri
APO MACU,Apogon maculatus,flamefish,flamefish  Apogon maculatus
APO PHEN,Apogon phenax,mimic cardinalfish,mimic cardinalfish  Apogon phenax
APO PSEU,Apogon pseudomaculatus,twospot cardinalfish,twospot cardinalfish  Apogon pseudomaculatus
APO QUAD,Apogon quadrisquamatus,sawcheek cardinalfish,sawcheek cardinalfish  Apogon quadrisquamatus
APO SPE.,Apogon species,cardinalfish species,cardinalfish species  Apogon species
APO TOWN,Apogon townsendi,belted cardinalfish,belted cardinalfish  Apogon townsendi
ARC PROB,Archosargus probatocephalus,sheepshead,sheepshead  Archosargus probatocephalus
ARC RHOM,Archosargus rhomboidalis,sea bream,sea bream  Archosargus rhomboidalis
ARI BALE,Ariosoma balearicum,bandtooth conger,bandtooth conger  Ariosoma balearicum
AST GUTT,Astroscopus guttatus,northern stargazer,northern stargazer  Astroscopus guttatus
AST PUNC,Astrapogon puncticulatus,blackfin cardinalfish,blackfin cardinalfish  Astrapogon puncticulatus
AST SPE.,Astrapogon sp.,cardinalfish species,cardinalfish species  Astrapogon sp.
AST STEL,Astrapogon stellatus,conchfish,conchfish  Astrapogon stellatus
AST Y-GR,Astroscopus y-graecum,southern stargazer,southern stargazer  Astroscopus y-graecum
ATH SPE.,Atherinomorus species,silverside species,silverside species  Atherinomorus species
ATH STIP,Atherinomorus stipes,hardhead silverside,hardhead silverside  Atherinomorus stipes
AUL MACU,Aulostomus maculatus,Atlantic trumpetfish,Atlantic trumpetfish  Aulostomus maculatus
BAL CAPR,Balistes capriscus,gray triggerfish,gray triggerfish  Balistes capriscus
BAL SPE.,Balistes sp.,triggerfish species,triggerfish species  Balistes sp.
BAL VETU,Balistes vetula,queen triggerfish,queen triggerfish  Balistes vetula
BAT SOPO,Bathygobious soporator,frillfin goby,frillfin goby  Bathygobious soporator
BEL SPE.,needlefish species,needlefish species,needlefish species  needlefish species
BLE SPE.,blenny species,blenny species,blenny species  blenny species
BOD PULC,Bodianus pulchellus,spotfin hogfish,spotfin hogfish  Bodianus pulchellus
BOD RUFU,Bodianus rufus,Spanish hogfish,Spanish hogfish  Bodianus rufus
BOL BOQU,Bollmannia boqueronensis,white-eye goby,white-eye goby  Bollmannia boqueronensis
BOT LUNA,Bothus lunatus,peacock flounder,peacock flounder  Bothus lunatus
BOT OCEL,Bothus ocellatus,eyed flounder,eyed flounder  Bothus ocellatus
BOT SPE.,Bothus species,lefteye flounders,lefteye flounders  Bothus species
BRO BARB,Brotula barbata,Atlantic bearded brotula,Atlantic bearded brotula  Brotula barbata
CAL BAJO,Calamus bajonado,jolthead porgy,jolthead porgy  Calamus bajonado
CAL CALA,Calamus calamus,saucereye porgy,saucereye porgy  Calamus calamus
CAL LEUC,Calamus leucosteus,whitebone porgy,whitebone porgy  Calamus leucosteus
CAL NODO,Calamus nodosus,knobbed porgy,knobbed porgy  Calamus nodosus
CAL PENA,Calamus pennatula,pluma porgy ,pluma porgy   Calamus pennatula
CAL PENN,Calamus penna,sheepshead porgy,sheepshead porgy  Calamus penna
CAL PROR,Calamus proridens,littlehead porgy,littlehead porgy  Calamus proridens
CAL SPE.,porgy species,porgy species,porgy species  porgy species
CAN JAME,Canthigaster jamestyleri,goldface toby,goldface toby  Canthigaster jamestyleri
CAN MACR,Cantherhines macrocerus,whitespotted filefish,whitespotted filefish  Cantherhines macrocerus
CAN PULL,Cantherhines pullus,orangespotted filefish,orangespotted filefish  Cantherhines pullus
CAN ROST,Canthigaster rostrata,sharpnose puffer,sharpnose puffer  Canthigaster rostrata
CAN SPE.,Canthigaster species,puffers,puffers  Canthigaster species
CAN SUFF,Canthidermis sufflamen,ocean triggerfish,ocean triggerfish  Canthidermis sufflamen
CAR BART,Carangoides bartholomaei,yellow jack,yellow jack  Carangoides bartholomaei
CAR CRYS,Caranx crysos,blue runner,blue runner  Caranx crysos
CAR FALC,Carcharhinus falciformis,silky shark,silky shark  Carcharhinus falciformis
CAR HIPP,Caranx hippos,crevalle jack,crevalle jack  Caranx hippos
CAR LATU,Caranx latus,horse-eye jack,horse-eye jack  Caranx latus
CAR LEUC,Carcharhinus leucas,bull shark,bull shark  Carcharhinus leucas
CAR LIMB,Carcharhinus limbatus,blacktip shark,blacktip shark  Carcharhinus limbatus
CAR LUGU,Caranx lugubris,black jack,black jack  Caranx lugubris
CAR OBSC,Carcharhinus obscurus,dusky shark,dusky shark  Carcharhinus obscurus
CAR PERE,Carcharhinus perezii,reef shark,reef shark  Carcharhinus perezii
CAR PLUM,Carcharhinus plumbeus,sandbar shark,sandbar shark  Carcharhinus plumbeus
CAR RUBE,Caranx ruber,bar jack,bar jack  Caranx ruber
CAR SPE.,Caranx sp.,jack species,jack species  Caranx sp.
CEN ARGI,Centropyge argi,cherubfish,cherubfish  Centropyge argi
CEN AURA,Centropyge aurantonotus,flameback angelfish,flameback angelfish  Centropyge aurantonotus
CEN OCYU,Centropristis ocyurus,bank sea bass,bank sea bass  Centropristis ocyurus
CEN STRI,Centropristis striata,black sea bass,black sea bass  Centropristis striata
CEN UNDE,Centropomus undecimalis,common snook,common snook  Centropomus undecimalis
CEP CRUE,Cephalopholis cruentata,graysby,graysby  Cephalopholis cruentata
CEP FULV,Cephalopholis fulva,coney,coney  Cephalopholis fulva
CHA CAPI,Chaetodon capistratus,foureye butterflyfish,foureye butterflyfish  Chaetodon capistratus
CHA FABE,Chaetodipterus faber,Atlantic spadefish,Atlantic spadefish  Chaetodipterus faber
CHA LIMB,Chaenopsis limbaughi,yellowface pikeblenny,yellowface pikeblenny  Chaenopsis limbaughi
CHA OCEL,Chaetodon ocellatus,spotfin butterflyfish,spotfin butterflyfish  Chaetodon ocellatus
CHA OCLL,Chaenopsis ocellata,bluethroat pikeblenny,bluethroat pikeblenny  Chaenopsis ocellata
CHA SEDE,Chaetodon sedentarius,reef butterflyfish,reef butterflyfish  Chaetodon sedentarius
CHA SPE.,Chaenopsis species,pikeblenny species,pikeblenny species  Chaenopsis species
CHA STRI,Chaetodon striatus,banded butterflyfish,banded butterflyfish  Chaetodon striatus
CHI ANTE,Chilomycterus antennatus,bridled burrfish,bridled burrfish  Chilomycterus antennatus
CHI ATIN,Chilomycterus atinga,spotted burrfish,spotted burrfish  Chilomycterus atinga
CHI SCHO,Chilomycterus schoepfii,striped burrfish,striped burrfish  Chilomycterus schoepfii
CHL CHRY,Chloroscombus chrysurus,Atlantic bumper,Atlantic bumper  Chloroscombus chrysurus
CHR ATHE,Chriodorus atherinoides,hardhead halfbeak,hardhead halfbeak  Chriodorus atherinoides
CHR CYAN,Chromis cyanea,blue chromis,blue chromis  Chromis cyanea
CHR ENCH,Chromis enchrysura,yellowtail reeffish,yellowtail reeffish  Chromis enchrysura
CHR INSO,Chromis insolata,sunshinefish,sunshinefish  Chromis insolata
CHR MULT,Chromis multilineata,brown chromis,brown chromis  Chromis multilineata
CHR SCOT,Chromis scotti,purple reeffish,purple reeffish  Chromis scotti
CLE PARR,Clepticus parrae,creole wrasse,creole wrasse  Clepticus parrae
CLU SPE.,Clupeidae species,herring species,herring species  Clupeidae species
CON TRIP,Conger triporiceps,manytooth conger,manytooth conger  Conger triporiceps
COR DICR,Coryphopterus dicrus,colon goby,colon goby  Coryphopterus dicrus
COR EIDO,Coryphopterus eidolon,pallid goby,pallid goby  Coryphopterus eidolon
COR GLAU,Coryphopterus glaucofraenum,bridled goby,bridled goby  Coryphopterus glaucofraenum
COR LIPE,Coryphopterus lipernes,peppermint goby,peppermint goby  Coryphopterus lipernes
COR PERS,Coryphopterus personatus,masked goby,masked goby  Coryphopterus personatus
COR PUNC,Coryphopterus punctipectophorus,spotted goby,spotted goby  Coryphopterus punctipectophorus
COR SPE.,Coryphopterus sp.,goby species,goby species  Coryphopterus sp.
COR TORT,Coryphopterus tortugae,patch-reef goby,patch-reef goby  Coryphopterus tortugae
COR VENE,Coryphopterus venezuelae,sand-canyon goby,sand-canyon goby  Coryphopterus venezuelae
COS ELUC,Cosmocampus elucens,shortfin pipefish,shortfin pipefish  Cosmocampus elucens
CRY ROSE,Cryptotomus roseus,bluelip parrotfish,bluelip parrotfish  Cryptotomus roseus
CTE SAEP,Ctenogobius saepepallens,dash goby,dash goby  Ctenogobius saepepallens
CTE STIG,Ctenogobius stigmaticus,marked goby,marked goby  Ctenogobius stigmaticus
DAC VOLI,Dactylopterus volitans,flying gurnard,flying gurnard  Dactylopterus volitans
DAS AMER,Dasyatis americana,southern stingray,southern stingray  Dasyatis americana
DEC MACA,Decapterus macarellus,mackerel scad,mackerel scad  Decapterus macarellus
DEC PUNC,Decapterus punctatus,round scad,round scad  Decapterus punctatus
DEC SPE.,Decapterus sp.,scad species,scad species  Decapterus sp.
DER INER,Dermatolepis inermis,marbled grouper,marbled grouper  Dermatolepis inermis
DIO HOLO,Diodon holocanthus,balloonfish,balloonfish  Diodon holocanthus
DIO HYST,Diodon hystrix,porcupinefish,porcupinefish  Diodon hystrix
DIO SPE.,puffer species,puffer species,puffer species  puffer species
DIP ARGE,Diplodus argenteus,silver porgy,silver porgy  Diplodus argenteus
DIP BIVI,Diplectrum bivittatum,dwarf sand perch,dwarf sand perch  Diplectrum bivittatum
DIP FORM,Diplectrum formosum,sand perch,sand perch  Diplectrum formosum
DIP HOLB,Diplodus holbrookii,spottail pinfish,spottail pinfish  Diplodus holbrookii
DOR MEGA,Doratonotus megalepis,dwarf wrasse,dwarf wrasse  Doratonotus megalepis
ECH CATE,Echidna catenata,chain moray,chain moray  Echidna catenata
ECH NAUC,Echeneis naucrates,sharksucker,sharksucker  Echeneis naucrates
ECH NEUC,Echeneis neucratoides,whitefin sharksucker,whitefin sharksucker  Echeneis neucratoides
ELA BIPI,Elagatis bipinnulata,rainbow runner,rainbow runner  Elagatis bipinnulata
ELA CHAN,Elacatinus chancei,shortstripe goby,shortstripe goby  Elacatinus chancei
ELA DILE,Elacatinus dilepis,orangeside gody,orangeside gody  Elacatinus dilepis
ELA EVEL,Elacatinus evelynae,sharknose goby,sharknose goby  Elacatinus evelynae
ELA HORS,Elacatinus horsti,yellowline goby,yellowline goby  Elacatinus horsti
ELA LOUI,Elacatinus louisae,spotlight goby,spotlight goby  Elacatinus louisae
ELA MACR,Elacatinus macrodon,tiger goby,tiger goby  Elacatinus macrodon
ELA MULT,Elacatinus multifasciatus,greenbanded goby,greenbanded goby  Elacatinus multifasciatus
ELA OCEA,Elacatinus oceanops,neon goby,neon goby  Elacatinus oceanops
ELA PROC,Elacatinus prochilos,broadstripe goby,broadstripe goby  Elacatinus prochilos
ELA RAND,Elacatinus randalli,yellownose goby,yellownose goby  Elacatinus randalli
ELA SAUC,Elacatinus saucrum,leopard goby,leopard goby  Elacatinus saucrum
ELA SPE.,shark species,shark species,shark species  shark species
ELA XANT,Elacatinus xanthiprora,yellowprow goby,yellowprow goby  Elacatinus xanthiprora
ELO SAUR,Elops saurus,ladyfish,ladyfish  Elops saurus
EMB BAHA,Emblemariopsis bahamensis,blackhead blenny,blackhead blenny  Emblemariopsis bahamensis
EMB DIAP,Emblemariopsis diapha,glass blenny,glass blenny  Emblemariopsis diapha
EMB PAND,Emblemaria pandionis,sailfin blenny,sailfin blenny  Emblemaria pandionis
EMB SPE.,Emblemaria species,tube blenny Emblemaria,tube blenny Emblemaria  Emblemaria species
EMM ATLA,Emmelichthyops atlanticus,bonnetmouth,bonnetmouth  Emmelichthyops atlanticus
EMP SPE.,Emblemariopsis species,tube blenny Emblemariopsis,tube blenny Emblemariopsis  Emblemariopsis species
ENC CARY,Enchelycore carychroa,chestnut moray,chestnut moray  Enchelycore carychroa
ENC NIGR,Enchelycore nigricans,viper moray,viper moray  Enchelycore nigricans
ENG SPE.,Engraulidae species,anchovy species,anchovy species  Engraulidae species
ENN ALTI,Enneanectes altivelis,lofty triplefin,lofty triplefin  Enneanectes altivelis
ENN BOEH,Enneanectes boehlkei,roughhead triplefin,roughhead triplefin  Enneanectes boehlkei
ENN SPE.,Enneanectes species,triplefin species,triplefin species  Enneanectes species
ENT NIGR,Entomacrodus nigricans,pearl blenny,pearl blenny  Entomacrodus nigricans
EPI ADSC,Epinephelus adscensionis,rock hind,rock hind  Epinephelus adscensionis
EPI DRUM,Epinephelus drummondhayi,speckled hind,speckled hind  Epinephelus drummondhayi
EPI FLAV,Epinephelus flavolimbatus,yellowedge grouper,yellowedge grouper  Epinephelus flavolimbatus
EPI GUTT,Epinephelus guttatus,red hind,red hind  Epinephelus guttatus
EPI ITAJ,Epinephelus itajara,goliath grouper,goliath grouper  Epinephelus itajara
EPI MORI,Epinephelus morio,red grouper,red grouper  Epinephelus morio
EPI NIVE,Epinephelus niveatus,Snowy grouper,Snowy grouper  Epinephelus niveatus
EPI STRI,Epinephelus striatus,Nassau grouper,Nassau grouper  Epinephelus striatus
EQU LANC,Equetus lanceolatus,jackknife-fish,jackknife-fish  Equetus lanceolatus
EQU PUNC,Equetus punctatus,spotted drum,spotted drum  Equetus punctatus
EUC ARGE,Eucinostomus argenteus,spotfin mojarra,spotfin mojarra  Eucinostomus argenteus
EUC GULA,Eucinostomus gula,silver jenny,silver jenny  Eucinostomus gula
EUC JONE,Eucinostomus jonesii,slender mojarra,slender mojarra  Eucinostomus jonesii
EUC LEFR,Eucinostomus lefroyi,mottled mojarra,mottled mojarra  Eucinostomus lefroyi
EUC MELA,Eucinostomus melanopterus,flagfin mojarra,flagfin mojarra  Eucinostomus melanopterus
EUT ALLE,Euthynnus alletteratus,little tunny,little tunny  Euthynnus alletteratus
FIS TABA,Fistularia tabacaria,bluespotted cornetfish,bluespotted cornetfish  Fistularia tabacaria
GAL CUVI,Galeocerdo cuvier,tiger shark,tiger shark  Galeocerdo cuvier
GER CINE,Gerres cinereus,yellowfin mojarra,yellowfin mojarra  Gerres cinereus
GER SPE.,Gerres sp.,mojarra species,mojarra species  Gerres sp.
GIN CIRR,Ginglymostoma cirratum,nurse shark,nurse shark  Ginglymostoma cirratum
GNA THOM,Gnatholepis thompsoni,goldspot goby,goldspot goby  Gnatholepis thompsoni
GOB GROS,Gobiosoma grosvenori,rockcut goby,rockcut goby  Gobiosoma grosvenori
GOB SPE.,goby species,goby species,goby species  goby species
GRA LORE,Gramma loreto,fairy basslet,fairy basslet  Gramma loreto
GYM FUNE,Gymnothorax funebris,green moray,green moray  Gymnothorax funebris
GYM MILI,Gymnothorax miliaris,goldentail moray,goldentail moray  Gymnothorax miliaris
GYM MORI,Gymnothorax moringa,spotted moray,spotted moray  Gymnothorax moringa
GYM NIGR,Gymnothorax nigromarginatus,blackedge moray,blackedge moray  Gymnothorax nigromarginatus
GYM SAXI,Gymnothorax saxicola,honeycomb moray,honeycomb moray  Gymnothorax saxicola
GYM SPE.,Gymnothorax species,moray eel Gymnothorax,moray eel Gymnothorax  Gymnothorax species
GYM VICI,Gymnothorax vicinus,purplemouth moray,purplemouth moray  Gymnothorax vicinus
HAE ALBU,Haemulon album,margate,margate  Haemulon album
HAE AURO,Haemulon aurolineatum,tomtate,tomtate  Haemulon aurolineatum
HAE CARB,Haemulon carbonarium,caesar grunt,caesar grunt  Haemulon carbonarium
HAE CHRY,Haemulon chrysargyreum,smallmouth grunt,smallmouth grunt  Haemulon chrysargyreum
HAE FLAV,Haemulon flavolineatum,French grunt,French grunt  Haemulon flavolineatum
HAE MACR,Haemulon macrostomum,Spanish grunt,Spanish grunt  Haemulon macrostomum
HAE MELA,Haemulon melanurum,cottonwick,cottonwick  Haemulon melanurum
HAE PARR,Haemulon parra,sailors choice,sailors choice  Haemulon parra
HAE PLUM,Haemulon plumierii,white grunt,white grunt  Haemulon plumierii
HAE SCIU,Haemulon sciurus,bluestriped grunt,bluestriped grunt  Haemulon sciurus
HAE SPE.,Haemulon sp.,grunt species,grunt species  Haemulon sp.
HAE STRI,Haemulon striatum,striped grunt,striped grunt  Haemulon striatum
HAL BIVI,Halichoeres bivittatus,slippery dick,slippery dick  Halichoeres bivittatus
HAL BURE,Halichoeres burekae,mardi gras wrasse,mardi gras wrasse  Halichoeres burekae
HAL CAUD,Halichoeres caudalis,painted wrasse,painted wrasse  Halichoeres caudalis
HAL CYAN,Halichoeres cyanocephalus,yellowcheek wrasse,yellowcheek wrasse  Halichoeres cyanocephalus
HAL GARN,Halichoeres garnoti,yellowhead wrasse,yellowhead wrasse  Halichoeres garnoti
HAL MACU,Halichoeres maculipinna,clown wrasse,clown wrasse  Halichoeres maculipinna
HAL PICT,Halichoeres pictus,rainbow wrasse,rainbow wrasse  Halichoeres pictus
HAL POEY,Halichoeres poeyi,blackear wrasse,blackear wrasse  Halichoeres poeyi
HAL RADI,Halichoeres radiatus,puddingwife,puddingwife  Halichoeres radiatus
HAL SPE.,Halichoeres species,wrasse species,wrasse species  Halichoeres species
HAR HUME,Harengula humeralis,redear sardine,redear sardine  Harengula humeralis
HAR JAGU,Harengula jaguana,scaled sardine,scaled sardine  Harengula jaguana
HEM BRAS,Hemiramphus brasiliensis,ballyhoo,ballyhoo  Hemiramphus brasiliensis
HEM SIMU,Hemiemblemaria simula,wrasse blenny,wrasse blenny  Hemiemblemaria simula
HET CRUE,Heteropriacanthus cruentatus,glasseye snapper,glasseye snapper  Heteropriacanthus cruentatus
HET LONG,Heteroconger longissimus,brown garden eel,brown garden eel  Heteroconger longissimus
HIP EREC,Hippocampus erectus,lined seahorse,lined seahorse  Hippocampus erectus
HIP REID,Hippocampus reidi,longsnout seahorse,longsnout seahorse  Hippocampus reidi
HIP SPE.,Hippocampus species,seahorse/pipefish species,seahorse/pipefish species  Hippocampus species
HOA SPE.,Holacanthus species,angelfish Holacanthus,angelfish Holacanthus  Holacanthus species
HOL ADSC,Holocentrus adscensionis,squirrelfish,squirrelfish  Holocentrus adscensionis
HOL BERM,Holacanthus bermudensis,blue angelfish,blue angelfish  Holacanthus bermudensis
HOL CILI,Holacanthus ciliaris,queen angelfish,queen angelfish  Holacanthus ciliaris
HOL RUFU,Holocentrus rufus,longspine squirrelfish,longspine squirrelfish  Holocentrus rufus
HOL SPE.,squirrelfish species,squirrelfish species,squirrelfish species  squirrelfish species
HOL TOWN,Holocanthus townsendi,townsend angelfish,townsend angelfish  Holocanthus townsendi
HOL TRIC,Holacanthus tricolor,rock beauty,rock beauty  Holacanthus tricolor
HYP ABER,Hypoplectrus aberrans,yellowbelly hamlet,yellowbelly hamlet  Hypoplectrus aberrans
HYP BERM,Hypleurochilus bermudensis,barred blenny,barred blenny  Hypleurochilus bermudensis
HYP CHLO,Hypoplectrus chlorurus,yellowtail hamlet,yellowtail hamlet  Hypoplectrus chlorurus
HYP GEMM,Hypoplectrus gemma,blue hamlet,blue hamlet  Hypoplectrus gemma
HYP GUMM,Hypoplectrus gummigutta,golden hamlet,golden hamlet  Hypoplectrus gummigutta
HYP GUTT,Hypoplectrus guttavarius,shy hamlet,shy hamlet  Hypoplectrus guttavarius
HYP HARR,Hypoatherina harringtonensis,reef silverside,reef silverside  Hypoatherina harringtonensis
HYP HYBR,Hypoplectrus hybrid,hybrid hamlet,hybrid hamlet  Hypoplectrus hybrid
HYP INDI,Hypoplectrus indigo,indigo hamlet,indigo hamlet  Hypoplectrus indigo
HYP NIGR,Hypoplectrus nigricans,black hamlet,black hamlet  Hypoplectrus nigricans
HYP PUEL,Hypoplectrus puella,barred hamlet,barred hamlet  Hypoplectrus puella
HYP SPE.,Hypoplectrus sp.,hamlet species,hamlet species  Hypoplectrus sp.
HYP TANN,Hypoplectrus tann,tan hamlet,tan hamlet  Hypoplectrus tann
HYP UNIC,Hypoplectrus unicolor,butter hamlet,butter hamlet  Hypoplectrus unicolor
INE VITT,Inermia vittata,boga,boga  Inermia vittata
IST PLAT,Istiophorus platypterus,sailfish,sailfish  Istiophorus platypterus
JEN SPE.,Jenkinsia sp.,herring species,herring species  Jenkinsia sp.
KYP SECT,Kyphosus sectatrix,Bermuda chub,Bermuda chub  Kyphosus sectatrix
LAB BUCC,Labrisomus bucciferus,puffcheek blenny,puffcheek blenny  Labrisomus bucciferus
LAB FILA,Labrisomus filamentosus,quillfin blenny,quillfin blenny  Labrisomus filamentosus
LAB GOBI,Labrisomus gobio,palehead blenny,palehead blenny  Labrisomus gobio
LAB KALI,Labrisomus kalisherae,downy blenny,downy blenny  Labrisomus kalisherae
LAB NIGR,Labrisomus nigricinctus,spotcheek blenny,spotcheek blenny  Labrisomus nigricinctus
LAB NUCH,Labrisomus nuchipinnis,hairy blenny,hairy blenny  Labrisomus nuchipinnis
LAB SPE.,Labrisomid sp.,labrisomid blenny species,labrisomid blenny species  Labrisomid sp.
LAC BICA,Lactophrys bicaudalis,spotted trunkfish,spotted trunkfish  Lactophrys bicaudalis
LAC MAXI,Lachnolaimus maximus,hogfish,hogfish  Lachnolaimus maximus
LAC SPE.,Lactophrys species,trunkfish species,trunkfish species  Lactophrys species
LAC TRIG,Lactophrys trigonus,trunkfish,trunkfish  Lactophrys trigonus
LAC TRIQ,Lactophrys triqueter,smooth trunkfish,smooth trunkfish  Lactophrys triqueter
LAG RHOM,Lagodon rhomboides,pinfish,pinfish  Lagodon rhomboides
LIO EUKR,Liopropoma eukrines,wrasse basslet,wrasse basslet  Liopropoma eukrines
LIO MOWB,Liopropoma mowbrayi,cave basslet,cave basslet  Liopropoma mowbrayi
LIO RUBE,Liopropoma rubre,peppermint basslet,peppermint basslet  Liopropoma rubre
LON MICR,Lonchopisthus micrognathus,swordtail jawfish,swordtail jawfish  Lonchopisthus micrognathus
LOP CYPR,Lophogobius cyprinoides,crested goby,crested goby  Lophogobius cyprinoides
LUT ANAL,Lutjanus analis,mutton snapper,mutton snapper  Lutjanus analis
LUT APOD,Lutjanus apodus,schoolmaster,schoolmaster  Lutjanus apodus
LUT BUCC,Lutjanus buccanella,blackfin snapper,blackfin snapper  Lutjanus buccanella
LUT CAMP,Lutjanus campechanus,red snapper,red snapper  Lutjanus campechanus
LUT CYAN,Lutjanus cyanopterus,cubera snapper,cubera snapper  Lutjanus cyanopterus
LUT GRIS,Lutjanus griseus,gray snapper,gray snapper  Lutjanus griseus
LUT JOCU,Lutjanus jocu,dog snapper,dog snapper  Lutjanus jocu
LUT MAHO,Lutjanus mahogoni,mahogany snapper,mahogany snapper  Lutjanus mahogoni
LUT SPE.,snapper species,snapper species,snapper species  snapper species
LUT SYNA,Lutjanus synagris,lane snapper,lane snapper  Lutjanus synagris
MAL AURO,Malacoctenus aurolineatus,goldline blenny,goldline blenny  Malacoctenus aurolineatus
MAL BOEH,Malacoctenus boehlkei,diamond blenny,diamond blenny  Malacoctenus boehlkei
MAL GILL,Malacoctenus gilli,dusky blenny,dusky blenny  Malacoctenus gilli
MAL MACR,Malacoctenus macropus,rosy blenny,rosy blenny  Malacoctenus macropus
MAL PLUM,Malacanthus plumieri,sand tilefish,sand tilefish  Malacanthus plumieri
MAL SPE.,Malacoctenus species,blenny species,blenny species  Malacoctenus species
MAL TRIA,Malacoctenus triangulatus,saddled blenny,saddled blenny  Malacoctenus triangulatus
MAL VERS,Malacoctenus versicolor,barfin blenny,barfin blenny  Malacoctenus versicolor
MAN BIRO,Manta birostris,giant manta,giant manta  Manta birostris
MEG ATLA,Megalops atlanticus,tarpon,tarpon  Megalops atlanticus
MEL NIGE,Melichthys niger,black durgon,black durgon  Melichthys niger
MEN SPE.,Menidia sp.,silverside species,silverside species  Menidia sp.
MIC CARR,Microgobius carri,Seminole goby,Seminole goby  Microgobius carri
MIC CHRY,Microspathodon chrysurus,yellowtail damselfish,yellowtail damselfish  Microspathodon chrysurus
MIC MICR,Microgobius microlepis,banner goby,banner goby  Microgobius microlepis
MIC SIGN,Microgobius signatus,dashback goby,dashback goby  Microgobius signatus
MIC SPE.,Microgobius species,goby Microgobius,goby Microgobius  Microgobius species
MON CILI,Monacanthus ciliatus,fringed filefish,fringed filefish  Monacanthus ciliatus
MON SPE.,Mocanthus species,filefish species,filefish species  Mocanthus species
MON TUCK,Monacanthus tuckeri,slender filefish,slender filefish  Monacanthus tuckeri
MUG CEPH,Mugil cephalus,striped mullet,striped mullet  Mugil cephalus
MUL MART,Mulloidichthys martinicus,yellow goatfish,yellow goatfish  Mulloidichthys martinicus
MUR RETI,Muraena retifera,reticulate moray,reticulate moray  Muraena retifera
MUR SPE.,Muraenidae species,moray species,moray species  Muraenidae species
MYC ACUT,Mycteroperca acutirostris,western comb grouper,western comb grouper  Mycteroperca acutirostris
MYC BONA,Mycteroperca bonaci,black grouper,black grouper  Mycteroperca bonaci
MYC INTE,Mycteroperca interstitialis,yellowmouth grouper,yellowmouth grouper  Mycteroperca interstitialis
MYC MICR,Mycteroperca microlepis,gag,gag  Mycteroperca microlepis
MYC PHEN,Mycteroperca phenax,scamp,scamp  Mycteroperca phenax
MYC SPE.,Mycteroperca species,grouper species,grouper species  Mycteroperca species
MYC TIGR,Mycteroperca tigris,tiger grouper,tiger grouper  Mycteroperca tigris
MYC VENE,Mycteroperca venenosa,yellowfin grouper,yellowfin grouper  Mycteroperca venenosa
MYR BREV,Myrichthys breviceps,sharptail eel,sharptail eel  Myrichthys breviceps
MYR JACO,Myripristis jacobus,blackbar soldierfish,blackbar soldierfish  Myripristis jacobus
MYR OCEL,Myrichthys ocellatus,goldspotted eel,goldspotted eel  Myrichthys ocellatus
MYR SPE.,Myrichthys species,snake eel Myrichthys,snake eel Myrichthys  Myrichthys species
NAR BANC,Narcine bancroftii,lesser electric ray,lesser electric ray  Narcine bancroftii
NEG BREV,Negaprion brevirostris,lemon shark,lemon shark  Negaprion brevirostris
NEO MARI,Neoniphon marianus,longjaw squirrelfish,longjaw squirrelfish  Neoniphon marianus
NES LONG,Nes longus,orangespotted goby,orangespotted goby  Nes longus
NIC USTA,Nicholsina usta,emerald parrotfish,emerald parrotfish  Nicholsina usta
NO FISH,no observed fishes,no observed fishes,no observed fishes  no observed fishes
OCY CHRY,Ocyurus chrysurus,yellowtail snapper,yellowtail snapper  Ocyurus chrysurus
ODO DENT,Odontoscion dentex,reef croaker,reef croaker  Odontoscion dentex
OGC NASU,Ogcocephalus nasutus,shortnose batfish,shortnose batfish  Ogcocephalus nasutus
OGC SPE.,Ogcocephalus sp.,batfish species,batfish species  Ogcocephalus sp.
OLI SAUR,Oligoplites saurus,leatherjack,leatherjack  Oligoplites saurus
OPH MACC,Ophioblennius macclurei,redlip blenny,redlip blenny  Ophioblennius macclurei
OPH OPHI,Ophichthus ophis,spotted snake eel,spotted snake eel  Ophichthus ophis
OPH SPE.,Ophichthidae species,snake eel species,snake eel species  Ophichthidae species
OPI AURI,Opistognathus aurifrons,yellowhead jawfish,yellowhead jawfish  Opistognathus aurifrons
OPI MACR,Opistognathus macrognathus,banded jawfish,banded jawfish  Opistognathus macrognathus
OPI MAXI,Opistognathus maxillosus,mottled jawfish,mottled jawfish  Opistognathus maxillosus
OPI SPE.,Opistognathus sp.,jawfish species,jawfish species  Opistognathus sp.
OPI WHIT,Opistognathus whitehursti,dusky jawfish,dusky jawfish  Opistognathus whitehursti
OPS TAU_,Opsanus tau,oyster toadfish,oyster toadfish  Opsanus tau
ORT CHRY,Orthopristis chrysoptera,pigfish,pigfish  Orthopristis chrysoptera
Other1,Other1,new species 1,new species 1  Other1
Other2,Other2,new species 2,new species 2  Other2
Other3,Other3,new species 3,new species 3  Other3
OXY STIG,Oxyurichthys stigmalophius,spotfin goby,spotfin goby  Oxyurichthys stigmalophius
PAG PAGR,Pagrus pagrus,red porgy,red porgy  Pagrus pagrus
PAR ACUM,Pareques acuminatus,high-hat,high-hat  Pareques acuminatus
PAR ALBI,Paralichthys albigutta,Gulf flounder,Gulf flounder  Paralichthys albigutta
PAR BAIR,Paradiplogrammus bairdi,lancer dragonet,lancer dragonet  Paradiplogrammus bairdi
PAR FURC,Paranthias furcifer,Atlantic creolefish,Atlantic creolefish  Paranthias furcifer
PAR INCI,Parasphyraenops incisus,splitfin bass,splitfin bass  Parasphyraenops incisus
PAR MARM,Parablennius marmoreus,seaweed blenny,seaweed blenny  Parablennius marmoreus
PAR MARN,Paraclinus marmoratus,marbled blenny,marbled blenny  Paraclinus marmoratus
PAR NIGR,Paraclinus nigripinnis,blackfin blenny,blackfin blenny  Paraclinus nigripinnis
PAR UMBR,Pareques umbrosus,cubbyu,cubbyu  Pareques umbrosus
PEM SCHO,Pempheris schomburgkii,glassy sweeper,glassy sweeper  Pempheris schomburgkii
PEP TRIA,Peprilus triacanthus ,American butterfish,American butterfish  Peprilus triacanthus 
PHA XENU,Phaeoptyx xenus,sponge cardinalfish,sponge cardinalfish  Phaeoptyx xenus
PLA ARGA,Platybelone argalus argalus,keeltail needlefish,keeltail needlefish  Platybelone argalus argalus
PLA ORBI,Platax orbicularis,orbicular batfish,orbicular batfish  Platax orbicularis
POM ARCU,Pomacanthus arcuatus,gray angelfish,gray angelfish  Pomacanthus arcuatus
POM PARU,Pomacanthus paru,French angelfish,French angelfish  Pomacanthus paru
POM SPE.,Pomacanthus species,angelfish Pomacanthus ,angelfish Pomacanthus   Pomacanthus species
PRI AQUI,Pristipomoides aquilonaris,wenchman,wenchman  Pristipomoides aquilonaris
PRI AREN,Priacanthus arenatus,bigeye,bigeye  Priacanthus arenatus
PRI HIPO,Priolepis hipoliti,rusty goby,rusty goby  Priolepis hipoliti
PRI OPHR,Prionotus ophryas,bandtail searobin,bandtail searobin  Prionotus ophryas
PRI PECT,Pristis pectinata,smalltooth sawfish,smalltooth sawfish  Pristis pectinata
PRI RUBI,Prionotus rubio,blackwing searobin,blackwing searobin  Prionotus rubio
PRO ACUL,Prognathodes aculeatus,longsnout butterflyfish,longsnout butterflyfish  Prognathodes aculeatus
PRO AYA_,Prognathodes aya,bank butterflyfish,bank butterflyfish  Prognathodes aya
PSE MACU,Pseudupeneus maculatus,spotted goatfish,spotted goatfish  Pseudupeneus maculatus
PTE CALL,Ptereleotris calliura,blue dartfish,blue dartfish  Ptereleotris calliura
PTE HELE,Ptereleotris helenae,hovering dartfish,hovering dartfish  Ptereleotris helenae
PTE VOLI,Pterois volitans,red lionfish,red lionfish  Pterois volitans
RAC CANA,Rachycentron canadum,cobia,cobia  Rachycentron canadum
REM REMO,Remora remora,remora,remora  Remora remora
RHI BONA,Rhinoptera bonasus,cownose ray,cownose ray  Rhinoptera bonasus
RHI LENT,Rhinobatos lentiginosus,Atlantic guitarfish,Atlantic guitarfish  Rhinobatos lentiginosus
RHI TERR,Rhizoprionodon terraenovae,Atlantic sharpnose shark,Atlantic sharpnose shark  Rhizoprionodon terraenovae
RHO AURO,Rhomboplites aurorubens,vermilion snapper,vermilion snapper  Rhomboplites aurorubens
RIS RUBE,Risor ruber,tusked goby,tusked goby  Risor ruber
RYP BIST,Rypticus bistrispinus,freckled soapfish,freckled soapfish  Rypticus bistrispinus
RYP MACU,Rypticus maculatus,whitespotted soapfish,whitespotted soapfish  Rypticus maculatus
RYP SAPO,Rypticus saponaceus,greater soapfish,greater soapfish  Rypticus saponaceus
SAR AURI,Sardinella aurita,Spanish sardine,Spanish sardine  Sardinella aurita
SAR BULL,Sargocentron bullisi,deepwater squirrelfish,deepwater squirrelfish  Sargocentron bullisi
SAR CORU,Sargocentron coruscum,reef squirrelfish,reef squirrelfish  Sargocentron coruscum
SAR SARD,Sarda sarda,Atlantic bonito,Atlantic bonito  Sarda sarda
SAR VEXI,Sargocentron vexillarium,dusky squirrelfish,dusky squirrelfish  Sargocentron vexillarium
SCA COEL,Scarus coelestinus,midnight parrotfish,midnight parrotfish  Scarus coelestinus
SCA COER,Scarus coeruleus,blue parrotfish,blue parrotfish  Scarus coeruleus
SCA CRIS,Scartella cristata,molly miller,molly miller  Scartella cristata
SCA GUAC,Scarus guacamaia,rainbow parrotfish,rainbow parrotfish  Scarus guacamaia
SCA ISER,Scarus iseri,striped parrotfish,striped parrotfish  Scarus iseri
SCA SPE.,Scarus sp.,parrotfish species,parrotfish species  Scarus sp.
SCA TAEN,Scarus taeniopterus,princess parrotfish,princess parrotfish  Scarus taeniopterus
SCA VETU,Scarus vetula,queen parrotfish,queen parrotfish  Scarus vetula
SCH BETA,Schultzea beta,school bass,school bass  Schultzea beta
SCI SPE.,drum species,drum species,drum species  drum species
SCO CARI,Scorpaenodes caribbaeus,reef scorpionfish,reef scorpionfish  Scorpaenodes caribbaeus
SCO CAVA,Scomberomorus cavalla,king mackerel,king mackerel  Scomberomorus cavalla
SCO MACU,Scomberomorus maculatus,Spanish mackerel,Spanish mackerel  Scomberomorus maculatus
SCO PLUM,Scorpaena plumieri,spotted scorpionfish,spotted scorpionfish  Scorpaena plumieri
SCO REGA,Scomberomorus regalis,cero,cero  Scomberomorus regalis
SCR SPE.,Scorpaena species,scorpionfish species,scorpionfish species  Scorpaena species
SEL CRUM,Selar crumenophthalmus,bigeye scad,bigeye scad  Selar crumenophthalmus
SEL VOME,Selene vomer,lookdown,lookdown  Selene vomer
SER ANNU,Serranus annularis,orangeback bass,orangeback bass  Serranus annularis
SER BALD,Serranus baldwini,lantern bass,lantern bass  Serranus baldwini
SER DUME,Seriola dumerili,greater amberjack,greater amberjack  Seriola dumerili
SER FLAV,Serranus flaviventris,twinspot bass,twinspot bass  Serranus flaviventris
SER PHOE,Serranus phoebe,tattler,tattler  Serranus phoebe
SER PUMI,Serraniculus pumilio,pygmy sea bass,pygmy sea bass  Serraniculus pumilio
SER RIVO,Seriola rivoliana,almaco jack,almaco jack  Seriola rivoliana
SER SPE.,Serranus species,Seabass species,Seabass species  Serranus species
SER SUBL,Serranus subligarius,belted sandfish,belted sandfish  Serranus subligarius
SER TABA,Serranus tabacarius,tobaccofish,tobaccofish  Serranus tabacarius
SER TIGR,Serranus tigrinus,harlequin bass,harlequin bass  Serranus tigrinus
SER TORT,Serranus tortugarum,chalk bass,chalk bass  Serranus tortugarum
SER ZONA,Seriola zonata,banded rudderfish,banded rudderfish  Seriola zonata
SPA ATOM,Sparisoma atomarium,greenblotch parrotfish,greenblotch parrotfish  Sparisoma atomarium
SPA AURO,Sparisoma aurofrenatum,redband parrotfish,redband parrotfish  Sparisoma aurofrenatum
SPA CHRY,Sparisoma chrysopterum,redtail parrotfish,redtail parrotfish  Sparisoma chrysopterum
SPA RADI,Sparisoma radians,bucktooth parrotfish,bucktooth parrotfish  Sparisoma radians
SPA RUBR,Sparisoma rubripinne,yellowtail parrotfish,yellowtail parrotfish  Sparisoma rubripinne
SPA SPE.,Sparisoma sp.,parrotfish species,parrotfish species  Sparisoma sp.
SPA VIRI,Sparisoma viride,stoplight parrotfish,stoplight parrotfish  Sparisoma viride
SPH BARR,Sphyraena barracuda,great barracuda,great barracuda  Sphyraena barracuda
SPH GUAC,Sphyraena guachancho,guaguanche,guaguanche  Sphyraena guachancho
SPH LEWI,Sphyrna lewini,scalloped hammerhead,scalloped hammerhead  Sphyrna lewini
SPH MOKA,Sphyrna mokarran,great hammerhead,great hammerhead  Sphyrna mokarran
SPH NEPH,Sphoeroides nephelus,southern puffer,southern puffer  Sphoeroides nephelus
SPH PICU,Sphyraena picudilla,southern sennet,southern sennet  Sphyraena picudilla
SPH SPEN,Sphoeroides spengleri,bandtail puffer,bandtail puffer  Sphoeroides spengleri
SPH TEST,Sphoeroides testudineus,checkered puffer,checkered puffer  Sphoeroides testudineus
SPH TIBU,Sphyrna tiburo,bonnethead,bonnethead  Sphyrna tiburo
SRR SPE.,grouper-sea bass species,grouper-sea bass species,grouper-sea bass species  grouper-sea bass species
STE ADUS,Stegastes adustus,dusky damselfish,dusky damselfish  Stegastes adustus
STE DIEN,Stegastes diencaeus,longfin damselfish,longfin damselfish  Stegastes diencaeus
STE HISP,Stephanolepis hispidus,planehead filefish,planehead filefish  Stephanolepis hispidus
STE LEUC,Stegastes leucostictus,beaugregory,beaugregory  Stegastes leucostictus
STE PART,Stegastes partitus,bicolor damselfish,bicolor damselfish  Stegastes partitus
STE PLAN,Stegastes planifrons,threespot damselfish,threespot damselfish  Stegastes planifrons
STE SETI,Stephanolepis setifer,pygmy filefish,pygmy filefish  Stephanolepis setifer
STE SPE.,damselfish species,damselfish species,damselfish species  damselfish species
STE VARI,Stegastes variabilis,cocoa damselfish,cocoa damselfish  Stegastes variabilis
STR NOTA,Strongylura notata,redfin needlefish,redfin needlefish  Strongylura notata
STR SPE.,Stromateidae species,butterfish species,butterfish species  Stromateidae species
STR TIMU,Strongylura timucu,timucu,timucu  Strongylura timucu
STY LATE,Stygnobrotula latebricola,black brotula,black brotula  Stygnobrotula latebricola
SYA MICR,Syacium micrurum,channel flounder,channel flounder  Syacium micrurum
SYA SPE.,Syacium species,sand flounder species,sand flounder species  Syacium species
SYG SPE.,Syngnathus sp.,pipefish species,pipefish species  Syngnathus sp.
SYN DAWS,Syngnathus dawsoni,dashback goby,dashback goby  Syngnathus dawsoni
SYN FOET,Synodus foetens,inshore lizardfish,inshore lizardfish  Synodus foetens
SYN INTE,Synodus intermedius,sand diver,sand diver  Synodus intermedius
SYN SAUR,Synodus saurus,bluestriped lizardfish,bluestriped lizardfish  Synodus saurus
SYN SCOV,Syngnathus scovelli,gulf pipefish,gulf pipefish  Syngnathus scovelli
SYN SYNO,Synodus synodus,red lizardfish,red lizardfish  Synodus synodus
THA BIFA,Thalassoma bifasciatum,bluehead,bluehead  Thalassoma bifasciatum
TRA FALC,Trachinotus falcatus,permit,permit  Trachinotus falcatus
TRA GOOD,Trachinotus goodei,palometa,palometa  Trachinotus goodei
TRA LATH,Trachurus lathami,rough scad,rough scad  Trachurus lathami
TRI SPE.,Triglidae species,sea robin species,sea robin species  Triglidae species
TYL CROC,Tylosurus crocodilus,houndfish,houndfish  Tylosurus crocodilus
UMB CORO,Umbrina coroides,sand drum,sand drum  Umbrina coroides
UNK SPE.,unknown species,unknown species,unknown species  unknown species
UPE PARV,Upeneus parvus,dwarf goatfish,dwarf goatfish  Upeneus parvus
URO JAMA,Urobatis jamaicensis,yellow stingray,yellow stingray  Urobatis jamaicensis
XAN RING,Xanthichthys ringens,sargassum triggerfish,sargassum triggerfish  Xanthichthys ringens
XYR MART,Xyrichtys martinicensis,rosy razorfish,rosy razorfish  Xyrichtys martinicensis
XYR NOVA,Xyrichtys novacula,pearly razorfish,pearly razorfish  Xyrichtys novacula
XYR SPE.,razorfish species,razorfish species,razorfish species  razorfish species
XYR SPLE,Xyrichtys splendens,green razorfish,green razorfish  Xyrichtys splendens
